{"cameraMode":{"drawMode":0,"name":"Shaded","section":"Shading Mode"},"sceneLighting":true,"audioPlay":false,"sceneViewState":{"m_AlwaysRefresh":false,"showFog":true,"showSkybox":true,"showFlares":true,"showImageEffects":true,"showParticleSystems":true,"showVisualEffectGraphs":true,"m_FxEnabled":true},"in2DMode":false,"pivot":{"x":8.103529930114746,"y":6.350457191467285,"z":-7.619627952575684},"rotation":{"x":-0.31405705213546755,"y":0.0004877292667515576,"z":-0.00047010055277496576,"w":-0.9492856860160828},"size":7.017948150634766,"orthographic":false}